Country Name,Country Code,Series Name,Series Code,1969 [YR1969],1970 [YR1970],1971 [YR1971],1972 [YR1972],1973 [YR1973],1974 [YR1974],1975 [YR1975],1976 [YR1976],1977 [YR1977],1978 [YR1978],1979 [YR1979],1980 [YR1980],1981 [YR1981],1982 [YR1982],1983 [YR1983],1984 [YR1984],1985 [YR1985],1986 [YR1986],1987 [YR1987],1988 [YR1988],1989 [YR1989],1990 [YR1990],1991 [YR1991],1992 [YR1992],1993 [YR1993],1994 [YR1994],1995 [YR1995],1996 [YR1996],1997 [YR1997],1998 [YR1998],1999 [YR1999],2000 [YR2000],2001 [YR2001],2002 [YR2002],2003 [YR2003],2004 [YR2004],2005 [YR2005],2006 [YR2006],2007 [YR2007],2008 [YR2008],2009 [YR2009],2010 [YR2010],2011 [YR2011],2012 [YR2012],2013 [YR2013],2014 [YR2014],2015 [YR2015],2016 [YR2016],2017 [YR2017],2018 [YR2018]
Brazil,BRA,Expense (% of GDP),GC.XPN.TOTL.GD.ZS,..,..,..,..,..,..,..,..,..,..,..,18.5738607002445,18.7510221254472,19.3901836469696,19.3590263589498,19.5549412036123,24.4263394403174,25.9871057837054,23.5729009045709,30.1263788156626,36.5686787803611,34.1872752580131,23.4708495564325,28.4832206205625,36.5103738104717,32.2072808091906,..,..,21.815582075004,21.8945006324074,21.7098640721536,21.3681148640999,22.5816411821529,22.6273265095532,24.6883956030714,22.7005184712695,25.369010093988,27.8346934658883,26.8096877645884,27.3054587599844,26.3370727564138,30.2679853616573,30.7549556960853,30.1777956851509,30.2065409730651,31.3787747867243,36.1580527182412,35.6877590102436,34.9288134363149,..
Brazil,BRA,Exports of goods and services (% of GDP),NE.EXP.GNFS.ZS,6.6204037968306,7.02943634908589,6.41330674320707,7.25917569139349,8.2716778246733,8.01311941179226,7.53857281947163,7.03571355667145,7.25236847122019,6.67557886815805,7.12390494963595,9.05272982473143,9.42035430771243,7.60968270162801,11.4218215925083,13.5475849184884,12.2479596662612,8.81658867805845,9.45994321769418,10.8882167136928,8.92960968014427,8.19999001540814,8.67697309491424,10.8682492540862,10.5032702366843,9.66505138718782,7.52887504338744,6.73020968471254,6.98364957728647,7.03050033464164,9.56489825956504,10.1880480058491,12.3717106723871,14.2305902741157,15.1807837057459,16.5457615138976,15.2438292668433,14.3743163009568,13.327675103099,13.5340005121423,10.8513711314884,10.8655847746965,11.5825126782808,11.8775390673678,11.7422306432624,11.0119428207843,12.9001914177405,12.4709021006972,12.5734556032979,..
Brazil,BRA,"Foreign direct investment, net inflows (% of GDP)",BX.KLT.DINV.WD.GD.ZS,..,..,..,..,..,..,1.05246670553629,1.01848320759638,1.04046468592365,0.998999546922861,1.07525692151625,0.813106376212358,0.956135069019599,1.03307874048642,0.791423641583036,0.76259217399298,0.646354159821193,0.12866546237575,0.397505322708203,0.848675005546146,0.265745409647489,0.214091608374833,0.182961218193279,0.514479245779916,0.295112882039361,0.55042715687456,0.631608732700865,1.31698634536049,2.22486507430382,3.69481706409203,4.76752493380702,5.03412868153329,4.15212683302554,3.2653198996405,1.81312063086716,2.71638106515239,1.73390066855613,1.74949333732609,3.19089484217804,2.99066328731514,1.88845582459054,4.00440104412786,3.86659110527096,3.51317949330191,2.81809660430144,3.95683398113804,4.14590216694635,4.33087609454068,3.44201527229925,..
Brazil,BRA,"Foreign direct investment, net outflows (% of GDP)",BM.KLT.DINV.WD.GD.ZS,..,0.0330753455605949,0.00203233622941597,0.0324569896109599,0.0417512530390684,0.0511718118889863,0.0905347703687135,0.119860081665683,0.082873892059385,0.0617527137679136,0.0871229254308326,0.156153867121892,0.0785396663837528,0.133483713547386,0.0919802492082211,0.0200933947978075,0.0363321908018853,0.0533309017963252,0.0469253503282567,0.0529665213875091,0.122886692524878,0.143954418169124,0.168198254984574,0.0341987659737256,0.112152031796692,0.185805000546523,0.17990254909611,0.104065438896789,0.117980122515246,0.315031405113728,0.249921344864324,0.380986778055994,-0.266207866145085,0.487930518509662,0.0409781187201433,1.41730957137354,0.326412333661375,2.5999748217235,1.22120408770607,1.53997724540928,-0.273054593883589,1.21161456535862,0.61413910765936,0.211244414414475,0.604243205047087,1.06025056268093,0.750096872617683,0.713486674410958,0.305239200296254,..
Brazil,BRA,GDP (current US$),NY.GDP.MKTP.CD,37458898243.8609,42327600098.2412,49204456699.9313,58539008785.9047,79279057730.3799,105136007528.354,123709376567.552,152678020452.571,176171284311.567,200800891870.164,224969488835.181,235024598983.209,263561088977.1,281682304161.041,203304515490.795,209023912696.837,222942790435.299,268137224729.722,294084112392.66,330397381998.489,425595310000,461951782000,602860000000,400599250000,437798577639.752,558111997497.263,769305386140.261,850426433004.077,883199625314.296,863723411644.532,599388579960.318,655420645498.885,559372276095.115,507962487685.82,558319920839.938,669316654004.294,891630177234.637,1107640289610.63,1397084349956.35,1695824565961.39,1667019783575.07,2208871646202.82,2616201578192.25,2465188674415.03,2472806919901.67,2455993625159.37,1802214373741.32,1796275437087.99,2053594877013.22,..
Brazil,BRA,GDP growth (annual %),NY.GDP.MKTP.KD.ZG,9.73582688991277,8.76994747172606,11.2950868433502,12.0528022500388,13.9786916510762,9.04212031316946,5.20907590114365,9.79041016147646,4.60631806113751,3.23170956333574,6.76628496532688,9.11096015517168,-4.39335720034877,0.58024555339469,-3.40979347371636,5.26914314976867,7.94586174871235,7.98829510486276,3.59962946680869,-0.102672718383729,3.27945885796423,-3.10235594875007,1.51193723789957,-0.466913209800495,4.66516898877853,5.33455170247363,4.41673135388506,2.20753552794366,3.39484598531605,0.338097901952054,0.46793756667951,4.38794944364911,1.38989640445797,3.05346185683631,1.14082899877097,5.75996463686008,3.2021313797365,3.96198872336659,6.06987060717168,5.09419544721956,-0.125811999603485,7.5282258303847,3.97442307944729,1.92117598509438,3.00482267028906,0.503955740273241,-3.54576339347277,-3.3054543131706,1.06386126000366,..
Brazil,BRA,GDP per capita (current US$),NY.GDP.PCAP.CD,403.065252307126,444.026267601819,503.478766134957,584.550684766736,772.818791300358,1000.63425268713,1149.58612059008,1385.2985297387,1560.86306044542,1737.36755211912,1901.00132504395,1939.79087647102,2124.96298887935,2218.89051545923,1565.29783211062,1573.96713933218,1643.19650267609,1936.01633526699,2081.66526186895,2294.40169466025,2901.28544927074,3093.03747863815,3966.79548849162,2591.79711627806,2786.17135574477,3494.64054135109,4740.11981310036,5156.80907521238,5271.41222240408,5075.63121138013,3469.50223647552,3739.11613889057,3146.94890373755,2819.64812003935,3059.58650695164,3623.0499120237,4770.1838527168,5860.14578561448,7313.55779433182,8787.61062665204,8553.3813818067,11224.1540829355,13167.4728917533,12291.4668523291,12216.9044643396,12026.6193906313,8750.22299607324,8650.37637254844,9812.27853101845,..
Brazil,BRA,Imports of goods and services (% of GDP),NE.IMP.GNFS.ZS,6.55371309699865,7.44975914768755,8.1379734325125,8.84407556458805,9.50158099808661,13.8837280807439,11.5055803106811,9.43261782259319,7.91774763659468,7.86439435789246,9.17556778799975,11.3058307064951,9.79944909520952,8.27447902352919,9.0083411942402,7.92438729311935,7.09531456076387,6.35457655453399,6.19266264606475,5.69253804870036,5.46126798028507,6.9617655463444,7.91394353581263,8.38509433055603,9.09604605458896,9.66785406991572,9.45558496425244,8.90538179367041,9.59255968605065,9.40808459356536,11.4172682143159,12.4517133531264,14.5645743525559,13.3877671336016,12.959601015803,13.1324909664519,11.8429659425944,11.6673835813869,11.9649362669047,13.7235689070269,11.2546044680138,11.9065933373084,12.3518924993294,13.2367345412856,14.0437266803948,13.6734629958057,14.0534345199388,12.0710907015169,11.5710245853055,..
Brazil,BRA,Tax revenue (% of GDP),GC.TAX.TOTL.GD.ZS,..,..,..,..,..,..,..,..,..,..,..,12.113387413203,12.2289274731178,11.8715410084698,12.5364620033176,10.3084325814898,10.5676286414884,10.8388842849553,10.0974709555919,9.83010507720893,9.93085106215959,12.0091242848293,9.52972648557028,9.73379539867745,10.5001503202562,11.6428205077901,..,..,10.1955048328209,11.9522879042324,13.1676782687116,13.7748558443865,14.5597634908881,15.7200793019334,15.2443835791952,15.7527707280763,16.5289704989005,15.3813115855885,15.7755338293533,15.4928137313553,14.417531531356,13.623447382748,14.2201231457951,13.6514575347955,13.4416902618948,12.7616868933036,12.8248632636748,12.7729481529037,12.7047403240557,..
Brazil,BRA,Trade (% of GDP),NE.TRD.GNFS.ZS,13.1741168938292,14.4791954967734,14.5512801757196,16.1032512559815,17.7732588227599,21.8968474925362,19.0441531301527,16.4683313792646,15.1701161078149,14.5399732260505,16.2994727376357,20.3585605312265,19.219803402922,15.8841617251572,20.4301627867485,21.4719722116077,19.343274227025,15.1711652325924,15.6526058637589,16.5807547623932,14.3908776604293,15.1617555617525,16.5909166307269,19.2533435846423,19.5993162912733,19.3329054571035,16.9844600076399,15.6355914783829,16.5762092633371,16.438584928207,20.982166473881,22.6397613589755,26.936285024943,27.6183574077173,28.1403847215489,29.6782524803495,27.0867952094377,26.0416998823437,25.2926113700037,27.2575694191692,22.1059755995021,22.7721781120049,23.9344051776102,25.1142736086534,25.7859573236572,24.68540581659,26.9536259376792,24.5419928022141,24.1444801886034,..
China,CHN,Expense (% of GDP),GC.XPN.TOTL.GD.ZS,..,..,..,..,..,..,..,..,..,..,..,..,..,..,..,..,..,..,..,..,..,..,..,..,..,..,..,..,..,..,..,..,..,..,..,..,..,..,..,..,..,..,..,..,12.0306409374643,16.2283585482301,16.4252218844375,8.52763623992999,..,..
China,CHN,Exports of goods and services (% of GDP),NE.EXP.GNFS.ZS,3.04759963306493,2.49155590647892,2.78806626236314,3.24792352295878,4.24134678180103,4.92980160554514,4.70472117124527,4.51047313123201,4.29846153846154,4.55595414706769,5.16284335734386,5.91161214157888,7.44757798971743,11.0196293674193,9.51780053267791,9.52669262214982,8.33680172691235,8.71217788685542,12.4821345187692,14.3823208189665,11.8443293840918,13.6147101696208,14.4878781464611,15.658219676311,16.7022945503192,18.5367485700923,17.9510180778458,17.9232955521271,19.493164459713,18.3423215825108,18.1626961583414,20.8934448164694,20.3121457448267,22.64474567395,26.9807565341723,31.0613375826931,33.8298575661779,36.0350255522634,35.388178734687,32.519573318463,24.4566512197443,26.2674140739838,26.4943227161603,25.4081958280589,24.5049814863803,23.4950582679709,21.3480716058522,19.658377570703,19.7573801017432,..
China,CHN,"Foreign direct investment, net inflows (% of GDP)",BX.KLT.DINV.WD.GD.ZS,..,..,..,..,..,..,..,..,..,..,..,..,..,0.209664356764914,0.275698542655107,0.483945714588724,0.536046583129515,0.623424605798281,0.847702964733309,1.02255894629729,0.97565028966922,0.966308310992784,1.13883773180262,2.61316219287254,6.1868820761248,5.98715629420307,4.88044415984949,4.65182665077089,4.60033466628401,4.25161979162886,3.54233060350033,3.47508224574174,3.51300212008009,3.60909988460748,3.48740330983945,3.4836411137418,4.55425403392961,4.50857901572192,4.3986856950057,3.73046894598714,2.56474056108994,3.99473192936504,3.69851737185537,2.81773885821291,3.02822560278711,2.55760030508313,2.19156480126449,1.56151997957024,1.37463393568348,..
China,CHN,"Foreign direct investment, net outflows (% of GDP)",BM.KLT.DINV.WD.GD.ZS,..,..,..,..,..,..,..,..,..,..,..,..,..,0.0214540272038516,0.0403144095391902,0.0515490665778132,0.203238879317942,0.149621905391587,0.23628712716205,0.272127459096023,0.224287422912464,0.23000742705019,0.238149072179523,0.936953098914499,0.989361480463352,0.354405913173888,0.272276321917895,0.24474767396042,0.391533332245842,0.439923265678586,0.368922310936633,0.380733224786637,0.723908540503188,0.427326486972596,0.509314281525144,0.407733343159789,0.600602412693315,0.869587666522311,0.482936915859076,1.23400899181138,0.858911623394944,0.949962376320752,0.639422869783484,0.758869545789478,0.759541736779204,1.17463445310002,1.57610430724387,1.93391658320009,0.832787993288046,..
China,CHN,GDP (current US$),NY.GDP.MKTP.CD,79705906247.4612,92602973434.0726,99800958648.1436,113687586299.051,138544284708.957,144182133387.722,163431551779.761,153940455341.506,174938098826.569,149540752829.268,178280594413.043,191149211575,195866382432.54,205089699858.779,230686747153.257,259946510957.143,309488028132.653,300758100107.246,272972974764.574,312353631207.819,347768051311.741,360857912565.966,383373318083.624,426915712711.146,444731282436.762,564324670005.917,734547898220.508,863746717503.789,961603952951.82,1029043097554.08,1093997267271.06,1211346869605.24,1339395718865.3,1470550015081.55,1660287965662.68,1955347004963.27,2285965892360.54,2752131773355.16,3552182311652.97,4598206091384,5109953609257.25,6100620488867.55,7572553836875.34,8560547314679.28,9607224481532.65,10482372109961.9,11064666282625.5,11190992550229.5,12237700479375,..
China,CHN,GDP growth (annual %),NY.GDP.MKTP.KD.ZG,16.9399999961092,19.299999996256,7.0600000033518,3.80999999825444,7.7600000016445,2.31000000049113,8.72000000047512,-1.57000000275067,7.56999999917167,11.6666440032893,7.60000000000034,7.80669144981401,5.17241379310337,8.9344262295084,10.8352144469524,15.1391717583164,13.4433962264152,8.93970893970877,11.68893129771,11.2345151644596,4.18586789554524,3.90711389605613,9.29407591344449,14.2161635832521,13.8675760159137,13.0521587222365,10.9492273730684,9.92837246319102,9.23076923076908,7.83761391880728,7.66748617086637,8.49150849150834,8.33991054985566,9.13064594463337,10.0356030262568,10.1112234580387,11.3957759412304,12.7194790206908,14.231388035688,9.65428937259927,9.39981317141536,10.6361404632298,9.5364430080555,7.85626211026953,7.75763514617024,7.29766595938155,6.90020481672437,6.69999999999993,6.90000000000013,..
China,CHN,GDP per capita (current US$),NY.GDP.PCAP.CD,100.12990326618,113.162991554686,118.654577785346,131.883561243868,157.090374298657,160.140093727686,178.341819608096,165.40554037242,185.422832913673,156.396388520044,183.983152215978,194.804722186836,197.071474499102,203.334919503464,225.431928890812,250.713969046988,294.45884850496,281.928120911563,251.811956961329,283.537695240524,310.8819124049,317.884673040928,333.142145400184,366.460692302073,377.389839479958,473.492278718042,609.656679202484,709.413755085039,781.744164341053,828.580479295681,873.28706172579,959.372483639691,1053.10824300452,1148.5082904417,1288.64325183381,1508.66809788266,1753.41782925823,2099.22943460447,2695.36591709669,3471.2480543115,3838.43397176904,4560.51258600929,5633.7957168394,6337.88332279255,7077.77076539558,7683.50261309118,8069.21302389511,8117.26746543179,8826.99409574835,..
China,CHN,Imports of goods and services (% of GDP),NE.IMP.GNFS.ZS,2.40546325552951,2.46085011185682,2.13276893646465,2.5074439742987,3.75879834554822,5.4036849736535,4.8494818226682,4.32644047380044,4.08615384615385,5.09418739355899,5.92373477325849,6.51323638607585,7.4496039902587,8.67333893776168,8.40330217864287,9.50591911770801,12.3760532855031,11.1693020665084,12.3755305590728,15.6824497735417,13.2613658201336,10.6584219385709,11.4618459598733,14.4874967792173,19.353783317961,17.2330664184822,16.3230779490987,15.8914499144708,15.039852899528,14.0823746877505,15.3618705728248,18.5170939709101,18.2152135311025,20.1026579597863,24.823231465803,28.4441866417059,28.3780352999888,28.4438583515049,26.7164383295607,24.9332988840144,20.1487764678485,22.6218852995959,24.1055086672622,22.6996630039661,22.0602532874583,21.381502007129,18.1049939186778,17.375439107137,18.0460194939874,..
China,CHN,Tax revenue (% of GDP),GC.TAX.TOTL.GD.ZS,..,..,..,..,..,..,..,..,..,..,..,..,..,..,..,..,..,..,..,..,..,..,..,..,..,..,..,..,..,..,..,..,..,..,..,..,8.56924385784706,9.05725398274024,9.76634573013884,10.0928610003145,10.2927961014344,10.1895230968606,10.2841225780531,..,9.86976268505996,9.6724425423315,9.37428211590801,9.15738553603272,..,..
China,CHN,Trade (% of GDP),NE.TRD.GNFS.ZS,5.45306288859444,4.95240601833575,4.92083519882779,5.75536749725748,8.00014512734925,10.3334865791986,9.55420299391347,8.83691360503246,8.38461538461539,9.65014154062668,11.0865781306023,12.4248485276547,14.8971819799761,19.6929683051809,17.9211027113208,19.0326117398578,20.7128550124155,19.8814799533638,24.857665077842,30.0647705925082,25.1056952042254,24.2731321081918,25.9497241063344,30.1457164555283,36.0560778682802,35.7698149885745,34.2740960269445,33.8147454665978,34.533017359241,32.4246962702613,33.5245667311661,39.4105387873795,38.5273592759292,42.7474036337363,51.8039879999754,59.505524224399,62.2078928661667,64.4788839037683,62.1046170642477,57.4528722024775,44.6054276875928,48.8892993735797,50.5998313834225,48.107858832025,46.5652347738386,44.8765602750999,39.45306552453,37.03381667784,37.8033995957306,..
India,IND,Expense (% of GDP),GC.XPN.TOTL.GD.ZS,..,..,..,..,..,8.73291170638144,..,..,..,..,..,..,..,..,..,..,..,..,..,..,..,..,..,..,..,..,..,..,..,..,..,..,..,..,..,..,..,..,..,..,..,..,..,..,..,..,..,..,..,..
India,IND,Exports of goods and services (% of GDP),NE.EXP.GNFS.ZS,3.71384273163461,3.78282497151041,3.66720512932672,4.02748916520298,4.20876309160085,4.83132088776296,5.64706202270011,6.68651270168454,6.38317166106418,6.31482508362724,6.74963799581173,6.13955098513147,5.93602648444934,5.98329970551715,5.83762928449182,6.28340124261143,5.25455487053016,5.19622153593136,5.60458074987944,6.03521961048564,7.01613011000723,7.0533500653564,8.49424056725953,8.84292671343749,9.83421721955188,9.88808467956662,10.843967775371,10.3851690230677,10.6907170622331,11.0184689155302,11.4520643387466,12.9972360001136,12.558379333363,14.2643835830493,14.9479135004996,17.859124535673,19.6052448635441,21.2679413410664,20.7996999997142,24.0973589411391,20.4005179059397,22.4009335550645,24.5404113195634,24.5344306614108,25.430861300482,22.9679630080797,19.8131891564012,19.1947533657246,18.7806122640004,..
India,IND,"Foreign direct investment, net inflows (% of GDP)",BX.KLT.DINV.WD.GD.ZS,..,..,..,..,..,..,-0.0104863950548402,-0.00750257310763958,-0.0296821087193359,0.0131754993873061,0.0317468290808907,0.0424848257049804,0.0475061801629392,0.0359115891057493,0.00258404706269571,0.00906870271397551,0.0456277754262448,0.0472837830234136,0.0760911972691958,0.030766481363908,0.0851567317043849,0.0737400187718883,0.0272255395310111,0.0959418265417979,0.197056157789985,0.297385901786338,0.594986244195507,0.617479041138622,0.860208545502623,0.62528595136671,0.472644834566511,0.765212630682596,1.05637827981528,1.01157178123038,0.605889240216855,0.765601386252482,0.886100637351305,2.13016841721906,2.07339577116452,3.62052214975941,2.65159293595761,1.63503429613242,2.00206555189983,1.31293433730656,1.51627596536508,1.69565878566784,2.09211575768621,1.94105610153926,1.50774170471543,..
India,IND,"Foreign direct investment, net outflows (% of GDP)",BM.KLT.DINV.WD.GD.ZS,..,..,..,..,..,..,..,..,..,..,..,0.00214678250151493,0.00103364186603436,0.000498218494807842,0.00229082186409195,0.00188538517962069,0.00129025663378956,-0.000401629007248905,0.00179189895603796,0.00370883610962178,0.00337789495059044,0.00186928096933258,-0.00407248507572174,0.0083273065238868,0.000125544413316454,0.0252335661079596,0.0325270459713426,0.0609128264405511,0.0271526192208986,0.0112953267973541,0.0172959729818322,0.108782764710024,0.217149388190207,0.244897678899415,0.203693873815914,0.259051925109842,0.321893461290805,1.49286739182223,1.3993273766232,1.60618896894087,1.19947412506996,0.952969286389008,0.691588004127191,0.467994117573408,0.0950572398365962,0.573111845182901,0.357212358308451,0.220364212515318,0.418381722069364,..
India,IND,GDP (current US$),NY.GDP.MKTP.CD,58447996415.5959,62422484548.3796,67350989632.712,71463195540.6261,85515271632.0276,99525901497.5755,98472798813.7125,102717166924.066,121487325381.668,137300298593.834,152991657454.179,186325349548.793,193490614662.615,200715150164.325,218262278633.435,212158239241.317,232511883406.39,248986000002.799,279033590769.841,296589001909.868,296042362070.853,320979034101.132,270105348343.126,288208437279.884,279296029670.864,327275591370.212,360281961338.848,392897063750.91,415867763817.158,421351487589.439,458820428317.636,468394948472.075,485441026156.237,514937961193.744,607699299977.083,709148531774.823,820381672147.736,940259892374.501,1216735426855.47,1198895498504.14,1341886699393.18,1675615312693.42,1823049927772.05,1827637859136.23,1856722121394.42,2039127446299.3,2103587813812.2,2290432075123.55,2650725335363.83,..
India,IND,GDP growth (annual %),NY.GDP.MKTP.KD.ZG,6.53970029628086,5.15722973608221,1.64293038388728,-0.55330131237784,3.29552113522445,1.18533626033918,9.14991201480669,1.66310363661259,7.25476458583583,5.71253208900144,-5.23818270278872,6.73582152799783,6.00620362381778,3.47573324031225,7.2888929012463,3.82073785597311,5.25429922330929,4.77656417048888,3.9653556339063,9.62778291984804,5.94734332826545,5.53345456306442,1.05683143308201,5.482396021523,4.75077621970124,6.65892406734577,7.57449184033372,7.54952224886547,4.04982084906737,6.18441582070963,8.84575556109868,3.84099115689847,4.82396626398788,3.80397532127257,7.86038147545325,7.922943418494,7.92342866735518,8.06072889963741,7.66082415755609,3.0866993740887,7.86188237155001,8.49758687599316,5.24131422482341,5.45638755164701,6.38610640092348,7.41022760516408,7.99625378566586,8.16952650546381,7.16788886089137,..
India,IND,GDP per capita (current US$),NY.GDP.PCAP.CD,107.936193040591,112.761754805284,118.947436080763,123.337548421524,144.193549549624,163.950020081246,158.494328349377,161.562965811352,186.764214053731,206.310784943653,224.685132222572,267.407803145252,271.330419341597,275.001981987564,292.205035491978,277.604934497603,297.456565608629,311.551280831802,341.621046274505,355.413777133828,347.357469183122,368.884822247193,304.153894029494,318.1034474487,302.249517868495,347.351003476755,375.105065092653,401.368665067489,416.949615479349,414.726627030732,443.50221055771,444.798008467111,453.057451342508,472.503762843625,548.451287640455,629.718499543615,717.042463155999,809.18926154943,1031.41033919203,1001.46063318994,1105.09734533533,1361.2035712211,1461.67195733892,1446.98540954319,1452.19537323178,1576.00401817673,1606.9526894622,1729.70972994146,1979.3643005306,..
India,IND,Imports of goods and services (% of GDP),NE.IMP.GNFS.ZS,4.03093372653462,3.87894418309594,4.00240124560904,3.7089102469667,4.72333271340082,6.02056910628922,6.64691589704352,6.11469006471038,6.26492917396916,6.5881864505643,8.16916617862393,9.24502549494379,8.5712379298177,8.14262770613317,7.85296427455613,7.72597436646732,7.64548101488282,7.02305007083898,6.98023298462625,7.45523018298326,8.15200161760266,8.45291107377201,8.49348557734173,9.59017188734456,9.817322096698,10.1900592163672,12.0234803832495,11.544318323501,11.9286692628621,12.6810005961738,13.3635331116952,13.9036862661592,13.4348747980017,15.2442786460379,15.6445219003923,19.6446886262951,22.3964208280277,24.4565389837751,24.8865710677732,29.2708652209805,25.8723484062518,26.8542736157785,31.0834686939485,31.259291067324,28.4132706461285,25.9542227389076,22.1097247094396,20.9641355476813,21.9860681936957,..
India,IND,Tax revenue (% of GDP),GC.TAX.TOTL.GD.ZS,..,..,..,..,..,8.18112068973472,..,..,..,..,..,..,..,..,..,..,..,..,..,..,..,..,..,..,..,..,..,..,..,..,..,..,..,..,..,..,..,..,..,..,..,..,..,..,..,..,..,..,..,..
India,IND,Trade (% of GDP),NE.TRD.GNFS.ZS,7.74477645816923,7.66176915460636,7.66960637493576,7.73639941216967,8.93209580500167,10.8518899940522,12.2939779197436,12.8012027663949,12.6481008350333,12.9030115341915,14.9188041744357,15.3845764800753,14.507264414267,14.1259274116503,13.690593559048,14.0093756090788,12.900035885413,12.2192716067703,12.5848137345057,13.4904497934689,15.1681317276099,15.5062611391284,16.9877261446013,18.4330986007821,19.6515393162499,20.0781438959338,22.8674481586205,21.9294873465687,22.6193863250951,23.699469511704,24.8155974504418,26.9009222662729,25.9932541313647,29.5086622290872,30.5924354008919,37.5038131619681,42.0016656915717,45.7244803248415,45.6862710674874,53.3682241621196,46.2728663121915,49.255207170843,55.6238800135119,55.7937217287347,53.8441319466105,48.9221857469873,41.9229138658408,40.1588889134059,40.766680457696,..
Russian Federation,RUS,Expense (% of GDP),GC.XPN.TOTL.GD.ZS,..,..,..,..,..,..,..,..,..,..,..,..,..,..,..,..,..,..,..,..,..,..,..,..,..,27.0478919361441,11.5640493066226,..,..,25.0415363723241,20.2861006003545,21.1628915021522,22.7585313017298,22.5352476801625,23.0463063918777,21.5738426684577,19.9480998631339,19.5005414079032,23.0065326912,21.5321667594547,32.1089747156101,27.3772390022084,23.2846855511953,24.1743856810147,24.5563291512572,26.4050686154394,30.6426118428365,30.8909414310688,30.6334028108845,..
Russian Federation,RUS,Exports of goods and services (% of GDP),NE.EXP.GNFS.ZS,..,..,..,..,..,..,..,..,..,..,..,..,..,..,..,..,..,..,..,..,21.9022687609075,18.1620614715927,13.2713621737576,62.3224618621778,38.2045944842866,27.7583790421613,29.2890113495619,26.0729881302908,24.7298415292289,31.22120547318,43.2199685128244,44.0604413055146,36.8934935960337,35.2125940630626,35.2499817748679,34.4178910548453,35.2030659645854,33.7304754438513,30.1640604846984,31.3095603335459,27.9381012043276,29.2155607850275,27.976923098045,26.8834449592467,25.7929650488237,27.0530206906642,28.7049278601051,25.7383538085344,26.0554758109586,..
Russian Federation,RUS,"Foreign direct investment, net inflows (% of GDP)",BX.KLT.DINV.WD.GD.ZS,..,..,..,..,..,..,..,..,..,..,..,..,..,..,..,..,..,..,..,..,..,..,..,0.252231983166754,0.27833723981109,0.174649365534179,0.522074807243094,0.658370213620698,1.20135723144024,1.01908251867283,1.68928513620583,1.03116111575235,0.928663004211825,1.00553594478556,1.84237738387549,2.60618528059465,2.02980402372548,3.79771796044013,4.29894838602531,4.50269877799439,2.99212947973377,2.83082730005626,2.68483001555558,2.28876372872839,3.0132795744542,1.06758339780103,0.502525741710435,2.53682257391064,1.8092453493305,..
Russian Federation,RUS,"Foreign direct investment, net outflows (% of GDP)",BM.KLT.DINV.WD.GD.ZS,..,..,..,..,..,..,..,..,..,..,..,..,..,..,..,..,..,..,..,..,..,..,..,0.340219884271436,0.234883993003323,0.0711253213262382,0.152956541589381,0.235369265978396,0.786535284036723,0.468620146690229,1.12687068540223,1.22399147492262,0.828774572480039,1.02256200083099,2.25955626154028,2.33191722262113,2.3402159209445,3.02982368146354,3.44702787450129,3.35146046104622,3.53991104608978,3.45043394733598,3.25837290599045,2.20890242669826,3.7658558221016,2.76606254323199,1.61948997040362,1.73968683839009,2.32872650665635,..
Russian Federation,RUS,GDP (current US$),NY.GDP.MKTP.CD,..,..,..,..,..,..,..,..,..,..,..,..,..,..,..,..,..,..,..,554713455149.502,506500173960.269,516814274021.956,517962962962.963,460290556900.726,435083713850.837,395077301248.464,395537185734.854,391724890744.498,404928954191.876,270955486862.442,195907128350.934,259710142196.943,306602070620.5,345470494417.863,430347770733.155,591016690742.937,764017107993.346,989930542278.684,1299705764824.48,1660846387626,1222644282200.48,1524917468442.6,2051661732059.47,2210256976944.75,2297128039058.16,2063662665172.51,1363705265460.57,1282663609770.69,1578417211936.87,..
Russian Federation,RUS,GDP growth (annual %),NY.GDP.MKTP.KD.ZG,..,..,..,..,..,..,..,..,..,..,..,..,..,..,..,..,..,..,..,..,..,-2.99999564223597,-5.04693945132418,-14.5310737737727,-8.66854034149995,-12.5697559795822,-4.14352840567564,-3.60000000044677,1.3999999993606,-5.29999999869101,6.40000000010387,9.99999999924512,5.09198423124656,4.74366989682781,7.2958543309982,7.17594919231892,6.37618702701079,8.15343197292427,8.5350802093854,5.24795353229561,-7.82088502701555,4.50372562582622,5.28488541544156,3.65590157303015,1.78535450092336,0.73860077318939,-2.82824081346031,-0.224910984282289,1.64688367269501,..
Russian Federation,RUS,GDP per capita (current US$),NY.GDP.PCAP.CD,..,..,..,..,..,..,..,..,..,..,..,..,..,..,..,..,..,..,..,3777.2353728423,3428.76215270861,3485.11230559947,3485.05600012759,3095.6597791412,2929.46211857553,2663.3945990755,2665.78096295114,2643.93074851111,2737.57302340505,1834.86298596367,1330.76070681278,1771.59782952435,2100.35825266321,2377.53695684392,2975.13277835871,4102.37229354976,5323.47387656258,6920.194397836,9101.25670609495,11635.2742379959,8562.81369694433,10674.9972024225,14351.2120537731,15434.5747807082,16007.089993444,14125.9087274314,9314.54499661978,8744.96419777915,10749.0560658145,..
Russian Federation,RUS,Imports of goods and services (% of GDP),NE.IMP.GNFS.ZS,..,..,..,..,..,..,..,..,..,..,..,..,..,..,..,..,..,..,..,..,21.0122164048866,17.9447376591121,12.9853414372542,48.2546028406102,30.4938487551746,23.1953336062219,25.8938941161638,21.8495126891282,22.527079880846,24.5510478117966,26.1733129859875,24.0334657318409,24.2173650683869,24.432851668898,23.8782872312025,22.1639613425501,21.5101825250986,21.002926423212,21.5420622610389,22.0729057073058,20.4969598237948,21.1399447023205,19.9241768817446,20.2261070957739,20.4003902447295,20.6459223567456,20.6416133727756,20.5661743151545,20.7114227188296,..
Russian Federation,RUS,Tax revenue (% of GDP),GC.TAX.TOTL.GD.ZS,..,..,..,..,..,..,..,..,..,..,..,..,..,..,..,..,..,..,..,..,..,..,..,..,..,..,..,..,..,..,11.2428726496447,13.7255344540838,15.778699595813,13.6349660680486,13.3140302040263,13.2340253896688,16.6229096830049,16.5682157585875,16.5513130625047,15.8180678239645,12.9563524124109,13.0483488460991,13.9151899190839,13.7424682567475,12.9072846292225,13.2269661737505,10.6403451792297,9.14104885816109,10.2609131372195,..
Russian Federation,RUS,Trade (% of GDP),NE.TRD.GNFS.ZS,..,..,..,..,..,..,..,..,..,..,..,..,..,..,..,..,..,..,..,..,42.9144851657941,36.1067991307048,26.2567036110118,110.577064702788,68.6984432394613,50.9537126483831,55.1829054657257,47.922500819419,47.2569214100748,55.7722532849766,69.393281498812,68.0939070373555,61.1108586644206,59.6454457319607,59.1282690060704,56.5818523973953,56.713248489684,54.7334018670633,51.7061227457373,53.3824660408517,48.4350610281224,50.355505487348,47.9010999797896,47.1095520550206,46.1933552935533,47.6989430474099,49.3465412328807,46.3045281236889,46.7668985297882,..
South Africa,ZAF,Expense (% of GDP),GC.XPN.TOTL.GD.ZS,..,..,..,17.7488122792058,17.1273979340876,18.0407836865254,19.8325409777904,20.8300606365264,21.0218110837647,21.0122284280196,21.0696553287048,19.0350931484805,20.4272398757217,22.7226286801405,24.7047951535065,24.8150809787562,26.2151037394818,27.4212678804063,27.714471079467,28.0657728728493,27.2725872650408,27.711383378321,27.2006895644933,30.4983021606732,31.9508116039774,28.351600961645,28.8233103374891,29.879170074266,28.5829669884244,28.5114710276791,28.0598811864108,27.1939420325385,27.1286744463477,26.4703248676336,27.8464525413987,28.6503054605001,28.6901236782097,28.9071979993476,29.0124873074309,29.9597773465712,32.2444449584217,31.7836277375279,32.3200126072469,33.081799627707,34.7019428179549,34.321374743227,35.8539223368917,34.5353374712131,34.4301085399585,..
South Africa,ZAF,Exports of goods and services (% of GDP),NE.EXP.GNFS.ZS,23.0018354747205,21.1994527211919,21.2748401292718,24.631502009989,24.6237088047221,27.1611355457817,26.8431136024977,26.884287913538,29.3077597668958,31.3854784341707,34.1663404684893,34.3411524416662,27.4705639192991,25.6185924160041,23.9562583427457,24.6880039262427,30.4421458732039,29.601591817952,29.3086908544464,28.1882420360383,25.8672601125802,23.4949209120617,21.0980437990329,20.7037368101469,21.8251291913125,21.4741865212511,22.1355986308901,24.0802633424255,23.987330700296,25.0050547621111,24.6952092415361,27.1588800453122,29.3748279395571,31.7808365475061,26.8850611646399,25.467096205328,26.4466641533283,29.2738936609764,31.1738505106893,35.6224380693971,27.9118881737959,28.61523337817,30.4609405930289,29.7238793583704,30.971341123529,31.4686452079411,30.1560456140988,30.7025974063212,29.7728887390559,..
South Africa,ZAF,"Foreign direct investment, net inflows (% of GDP)",BX.KLT.DINV.WD.GD.ZS,..,1.8113009801017,1.27894079028863,0.535702290287943,0.0934425945653133,1.89130752036638,0.493147294038004,0.0502706462664865,-0.299879109737362,-0.233751996041016,-0.84053823814109,-0.0124120195580863,0.0725207686050698,0.398684826136484,0.0798544101037068,0.477352941176471,-0.654029454330468,-0.0614886739694786,-0.178436918569393,0.133892619855854,-0.156093293242957,-0.065530301225643,0.205040006343716,0.00249582845762177,0.00840634820159592,0.267909750896656,0.803050716214833,0.553079351706276,2.49730647919718,0.399449209502291,1.10027872079748,0.710485610011465,5.97886189216386,1.27846976275611,0.446850318767049,0.306381642911651,2.53116870173559,0.229456347005663,2.19988348624742,3.44701566338237,2.57639403685894,0.983955560867424,0.994020533601272,1.16722274961114,2.24537596647145,1.65175725873549,0.47904362534465,0.749055787108725,0.393248235518154,..
South Africa,ZAF,"Foreign direct investment, net outflows (% of GDP)",BM.KLT.DINV.WD.GD.ZS,..,0.0912149224681058,0.144395935163139,0.091362543752717,0.17708867155342,0.311885806741046,0.329947470111722,0.0879736309663514,0.166913844099098,0.509333296636739,0.0185412846649548,0.90981308411215,0.718401890843145,-0.00665079327798199,0.175927487421707,0.219730281147024,0.0684262962901167,0.0864476076648543,0.10438462397996,0.0545637415438304,0.126218912658635,0.0242089375452521,0.166558076950482,1.44117146920046,0.217344033946673,0.901956669601019,1.60421294102729,0.709971410003825,1.52281418035824,1.18600095633201,1.15945273987985,0.203266975053682,-2.89038575405392,-0.347532604027072,0.315276362089189,0.570210294820638,0.352935687489877,2.18260550199066,0.995977974776565,-0.739123349393755,0.443101713435053,-0.0429714869729295,-0.0368374996616424,0.731432183137849,1.77826097568412,2.19374859469308,1.73678399286805,1.51835325906286,2.13280118624153,..
South Africa,ZAF,GDP (current US$),NY.GDP.MKTP.CD,16780064398.712,18418031639.3672,20334172259.5078,21358137114.6091,29293948126.8012,36806475349.5217,38114942528.7356,36601885924.563,40649724011.0396,46737580496.7801,57647268408.5511,82984078068.8238,89629496832.7955,82696902010.2943,88786580362.8407,87880468268.6383,69208451592.5576,82107924006.1732,107414974090.178,118331510445.149,128902675070.723,115553279480.54,123943432441.241,134545231416.55,134309759157.817,139752450152.078,155460285076.232,147607982694.857,152586154513.889,137774361015.14,136631966609.379,136361854808.496,121600818309.679,115748110112.68,175256916996.047,228937347865.858,257671413750.825,271638484826.109,299415505152.298,286769839732.726,295936485832.635,375349442837.187,416418874939.232,396327875201.304,366643223164.004,350636208163.772,317536830640.619,295746599722.066,348871647959.64,..
South Africa,ZAF,GDP growth (annual %),NY.GDP.MKTP.KD.ZG,4.71583060864083,5.24867413450896,4.27897042944383,1.65476204059776,4.57199781123276,6.11105446101551,1.69544817726516,2.24990405393839,-0.0940375339470734,3.01454896583107,3.79050381200763,6.62058508131413,5.36073741903375,-0.383390768760975,-1.84654447698227,5.09911490972954,-1.21148371912611,0.01783477808317,2.10073522073282,4.20013254933286,2.39478415860124,-0.317785675763304,-1.01821987373056,-2.13705688707631,1.23351991210217,3.20000104934246,3.09999541832644,4.29999896093463,2.60000211628014,0.50000090515276,2.39999624456443,4.20000347551795,2.69999456713741,3.70038235175596,2.9490791374903,4.55455274472709,5.2770563116366,5.60379765712011,5.36047589053663,3.19104674115678,-1.53808933379921,3.03973081360166,3.2841681423114,2.21335480848441,2.4852005003106,1.84699160365717,1.27954928151568,0.565344943824186,1.31674486048743,..
South Africa,ZAF,GDP per capita (current US$),NY.GDP.PCAP.CD,755.181916401864,806.413063053364,865.917224631812,884.463141591796,1179.79501908466,1442.28238610292,1454.08033061963,1360.4449572284,1472.96034140733,1651.61257880039,1986.66888588674,2788.39935257825,2935.50033949534,2639.52181213358,2762.51982011911,2667.60496576931,2051.82768817254,2380.60094329887,3048.9416662987,3289.67872915407,3508.42616032726,3076.45538715286,3224.51480295249,3418.3044283042,3332.73505179836,3390.49433055186,3693.68170544455,3440.86422316801,3495.11122228324,3104.97640984816,3032.30539688171,2982.00042596137,2621.55443743349,2461.35508651066,3678.10281680867,4745.07168450977,5277.92545855196,5502.69998895381,6001.85256313236,5688.50880574249,5805.99836229105,7276.37675634687,7967.67815887535,7478.13657795036,6819.06230244075,6429.02394967082,5742.98780033574,5279.73047236548,6151.07795531285,..
South Africa,ZAF,Imports of goods and services (% of GDP),NE.IMP.GNFS.ZS,22.4678791923911,24.6351474612344,25.352403218043,22.1707881593373,22.1003443187408,27.7089164334266,29.2343716738806,28.0687423418895,24.4504795043707,24.8726718008021,25.002575248769,26.5457696354521,29.4174122918139,26.0202224231677,20.3470582195297,22.9273294538316,21.8695889911601,21.0773289087362,19.7051109299708,21.9025700038358,20.7237627345741,18.1877172033408,16.9527677540943,16.7837215908351,17.2981926887287,19.2947667728668,21.4753400606523,22.5870651469956,22.8579311835726,23.8915628799277,22.1666768493195,24.2788939094856,25.4268054875811,27.9837997477953,24.5167699277248,25.6109379306702,26.7024512369651,31.0033706643471,32.5092367772109,37.2429521713859,27.5063734284758,27.3737524302325,29.6516893101017,31.1758200766166,33.2704186957427,32.9658559045419,31.4441027987364,30.0879276083828,28.4067394520299,..
South Africa,ZAF,Tax revenue (% of GDP),GC.TAX.TOTL.GD.ZS,..,..,..,17.2493604580339,17.7914412198721,17.437025189924,18.335343787696,18.225517609727,19.0868199949079,19.1472086214108,19.2999443746266,19.1758989911493,18.5977357886736,19.8571982196752,19.7545949276106,20.9589497300708,22.7072511315654,21.8550901230807,21.6952517203711,22.7653999195863,25.3020490824946,23.1119406230036,22.9037677687037,20.621646343847,21.7752299012951,21.5346419927736,22.4202387075035,23.2064997297557,23.5324561915016,24.3884263015684,24.1304433766635,23.3436856721377,24.1855805701701,23.2784151355703,23.0375496128276,24.2820950235774,25.7432954258461,27.2698706099815,27.5960392547625,26.8132168709739,24.3968022994987,25.0415012902219,25.1798227454806,25.5881318576778,26.0439096127703,26.5411920102232,27.3324057237522,27.1600804228559,26.9764677832456,..
South Africa,ZAF,Trade (% of GDP),NE.TRD.GNFS.ZS,45.4697146671116,45.8346001824263,46.6272433473149,46.8022901693263,46.7240531234629,54.8700519792083,56.0774852763783,54.9530302554274,53.7582392712665,56.2581502349728,59.1689157172583,60.8869220771183,56.887976211113,51.6388148391718,44.3033165622754,47.6153333800743,52.311734864364,50.6789207266882,49.0138017844171,50.0908120398741,46.5910228471543,41.6826381154025,38.0508115531271,37.487458400982,39.1233218800412,40.7689532941179,43.6109386915424,46.6673284894211,46.8452618838685,48.8966176420388,46.8618860908556,51.4377739547977,54.8016334271381,59.7646362953014,51.4018310923647,51.0780341359982,53.1491153902934,60.2772643253235,63.6830872879002,72.865390240783,55.4182616022717,55.9889858084025,60.1126299031306,60.8996994349871,64.2417598192717,64.434501112483,61.6001484128351,60.790525014704,58.1796281910858,..
